Realmidstring	Trackingdatapoint	Timestamplastmodified	Fooditems	Customfooditems	Image	Orderingnumber	Name	Isfavourite	Recipe
d1332943-1c29-11eb-93b7-9b447ba43314	d1332942-1c29-11eb-93b7-9b447ba43314	2020-11-01 10:05:49.396000+00:00		1800edf0-1516-11eb-a17b-b1ec5287b94c		0	Perenterol tablet	FALSE	
99844210-1bbe-11eb-b29b-03a641219168	99841b02-1bbe-11eb-b29b-03a641219168	2020-10-31 21:18:19.825000+00:00	Erdnussbutter ★ Kartoffelchips			0	Chips & peanut butter	FALSE	
bfcb2383-1baf-11eb-b29b-03a641219168	bfcb2382-1baf-11eb-b29b-03a641219168	2020-10-31 19:32:01.592000+00:00		d2b758b0-1baf-11eb-b29b-03a641219168		0	Turmeric tea	FALSE	
dc3f5693-1bae-11eb-b29b-03a641219168	dc3f5692-1bae-11eb-b29b-03a641219168	2020-10-31 19:25:39.833000+00:00	Hühnchen ★ Kartoffeln			0	Chicken legs baked potato & carrot	FALSE	
27d47f42-1baa-11eb-b29b-03a641219168	27d47f41-1baa-11eb-b29b-03a641219168	2020-10-31 18:51:59.156000+00:00	Knoblauch ★ Oregano			0	Oregano & garlic tablets	FALSE	
ffd61353-1b77-11eb-a4ee-3513b9e0eadc	ffd61352-1b77-11eb-a4ee-3513b9e0eadc	2020-10-31 12:52:57.221000+00:00	Erdbeermarmelade ★ Feigen ★ Haferflocken ★ Mandeln ★ Reismilch ★ Zimt			0	Porridge w/ strawberry jam	FALSE	
b5b5f6b3-1b35-11eb-9d59-77abb0c54761	b5b5f6b2-1b35-11eb-9d59-77abb0c54761	2020-10-31 04:58:26.075000+00:00	Knoblauch ★ Oregano			0	Oregano & garlic tablets	FALSE	
5f16e883-1ae2-11eb-9492-7bd40e0bf926	5f16e882-1ae2-11eb-9492-7bd40e0bf926	2020-10-30 19:01:52.520000+00:00	Kartoffelchips			0	Chips	FALSE	
22c2cb83-1ae0-11eb-9492-7bd40e0bf926	22c2cb82-1ae0-11eb-9492-7bd40e0bf926	2020-10-30 18:45:52.312000+00:00	Aubergine ★ Ingwer ★ Knoblauch-Öl ★ Möhre ★ Reis ★ Thunfisch	bfdc4650-002b-11eb-8968-8d06a7310fc2		0	Fried rice 2 tablespoons of ketjap sauce	FALSE	
1bc3def3-1ae0-11eb-9492-7bd40e0bf926	1bc3def2-1ae0-11eb-9492-7bd40e0bf926	2020-10-30 18:45:40.575000+00:00		1800edf0-1516-11eb-a17b-b1ec5287b94c		0	Perenterol tablet	FALSE	
3c3150c3-1ac0-11eb-9492-7bd40e0bf926	3c3150c2-1ac0-11eb-9492-7bd40e0bf926	2020-10-30 14:57:31.084000+00:00	Knoblauch ★ Oregano			0	Oregano & garlic tablets	FALSE	
38d09990-1ac0-11eb-9492-7bd40e0bf926		2020-10-30 14:57:25.417000+00:00	Knoblauch ★ Oregano			0	Oregano & garlic tablets	TRUE	
975b3452-1abd-11eb-9492-7bd40e0bf926	975b3451-1abd-11eb-9492-7bd40e0bf926	2020-10-30 14:38:35.541000+00:00	Erdbeermarmelade ★ Feigen ★ Haferflocken ★ Mandelmilch ★ Mandeln ★ Reismilch ★ Zimt			0	Porridge w/ strawberry jam	FALSE	
287c6243-1a9d-11eb-9492-7bd40e0bf926	287c6242-1a9d-11eb-9492-7bd40e0bf926	2020-10-30 10:46:25.636000+00:00	Kartoffelchips			0	Chips	FALSE	
3c729f53-1a9b-11eb-9492-7bd40e0bf926	3c729f52-1a9b-11eb-9492-7bd40e0bf926	2020-10-30 10:32:40.133000+00:00		1800edf0-1516-11eb-a17b-b1ec5287b94c		0	Perenterol tablet	FALSE	
3132d4c3-1a9b-11eb-9492-7bd40e0bf926	3132d4c2-1a9b-11eb-9492-7bd40e0bf926	2020-10-30 10:32:21.260000+00:00	Ei ★ Speck			0	Bacon and eggs	FALSE	
0e49e343-1a19-11eb-ad4d-ab63688b83fc	0e49e342-1a19-11eb-ad4d-ab63688b83fc	2020-10-29 19:00:48.116000+00:00	Kartoffelchips			0	Chips	FALSE	
b6ffeb42-1a16-11eb-ad4d-ab63688b83fc	b6ffeb41-1a16-11eb-ad4d-ab63688b83fc	2020-10-29 18:44:02.676000+00:00	Aubergine ★ Ingwer ★ Knoblauch-Öl ★ Möhre ★ Reis ★ Thunfisch	bfdc4650-002b-11eb-8968-8d06a7310fc2		0	Fried rice 2 tablespoons of ketjap sauce	FALSE	
bf510c43-1a14-11eb-ad4d-ab63688b83fc	bf510c42-1a14-11eb-ad4d-ab63688b83fc	2020-10-29 18:29:57.636000+00:00		1800edf0-1516-11eb-a17b-b1ec5287b94c		0	Perenterol tablet	FALSE	
b44e4ab3-1a14-11eb-ad4d-ab63688b83fc	b44e4ab2-1a14-11eb-ad4d-ab63688b83fc	2020-10-29 18:29:39.163000+00:00		1800edf0-1516-11eb-a17b-b1ec5287b94c		0	Perenterol tablet	FALSE	
a1e6b2d0-19e8-11eb-ad4d-ab63688b83fc		2020-10-29 13:14:10.429000+00:00	Hart- und Schnittkäse ★ Kapern ★ Oliven ★ Pasta  (aus Weizen)			0	Pasta w/ olives & capers	TRUE	
8bec5342-19e8-11eb-ad4d-ab63688b83fc	8bec5341-19e8-11eb-ad4d-ab63688b83fc	2020-10-29 13:13:33.556000+00:00	Hart- und Schnittkäse ★ Kapern ★ Oliven ★ Pasta  (aus Weizen)			0	Pasta w/ olives & capers	FALSE	
fe952dd3-19d5-11eb-ad4d-ab63688b83fc	fe952dd2-19d5-11eb-ad4d-ab63688b83fc	2020-10-29 11:00:45.485000+00:00	Knoblauch ★ Oregano			0	Oregano & garlic tablets	FALSE	
47619dc3-19ca-11eb-a9ce-47a3eae10682	47619dc2-19ca-11eb-a9ce-47a3eae10682	2020-10-29 09:36:53.660000+00:00	Feigen ★ Haferflocken ★ Mandelmilch ★ Mandeln ★ Reismilch ★ Zimt			0	Porridge	FALSE	
c106d2a2-1950-11eb-a9ce-47a3eae10682	c106d2a1-1950-11eb-a9ce-47a3eae10682	2020-10-28 19:06:59.146000+00:00	Lachs ★ Reis			0	Salmon & rice	FALSE	
4e5af633-1934-11eb-a9ce-47a3eae10682	4e5af632-1934-11eb-a9ce-47a3eae10682	2020-10-28 15:43:20.851000+00:00	Erdnussbutter ★ Kartoffelchips			0	Chips & peanut butter	FALSE	
18a41d93-190d-11eb-b6c5-250682658008	18a41d92-190d-11eb-b6c5-250682658008	2020-10-28 11:02:40.361000+00:00	Feigen ★ Haferflocken ★ Mandelmilch ★ Mandeln ★ Reismilch ★ Zimt			0	Porridge	FALSE	
9fde7423-1892-11eb-99b3-7995570974bf	9fde7422-1892-11eb-99b3-7995570974bf	2020-10-27 20:25:59.138000+00:00	Aubergine ★ Ingwer ★ Knoblauch-Öl ★ Möhre ★ Reis ★ Thunfisch	bfdc4650-002b-11eb-8968-8d06a7310fc2		0	Fried rice 2 tablespoons of ketjap sauce	FALSE	
59c9d202-186e-11eb-99b3-7995570974bf	59c9d201-186e-11eb-99b3-7995570974bf	2020-10-27 16:06:19.680000+00:00	Erdnussbutter ★ Kartoffelchips			0	Chips & peanut butter	FALSE	
6f213113-183d-11eb-99b3-7995570974bf	6f213112-183d-11eb-99b3-7995570974bf	2020-10-27 10:16:10.145000+00:00				0	Turmeric tea	FALSE	
62580b93-1836-11eb-99b3-7995570974bf	62580b92-1836-11eb-99b3-7995570974bf	2020-10-27 09:25:42.217000+00:00	Feigen ★ Haferflocken ★ Mandelmilch ★ Mandeln ★ Reismilch ★ Zimt			0	Porridge	FALSE	
617a5c92-17c4-11eb-a8a0-a74487def52f	617a5c91-17c4-11eb-a8a0-a74487def52f	2020-10-26 19:49:38.137000+00:00	"Kartoffelchips ★ Schokolade  (dunkel, 60-69% Kakao-Anteil)"			0	Chips & chocolate	FALSE	
a507bec3-17c0-11eb-a8a0-a74487def52f	a507bec2-17c0-11eb-a8a0-a74487def52f	2020-10-26 19:22:53.484000+00:00	Aubergine ★ Ingwer ★ Knoblauch-Öl ★ Möhre ★ Reis ★ Thunfisch	bfdc4650-002b-11eb-8968-8d06a7310fc2		0	Fried rice 2 tablespoons of ketjap sauce	FALSE	
9e91d853-17c0-11eb-a8a0-a74487def52f	9e91d852-17c0-11eb-a8a0-a74487def52f	2020-10-26 19:22:42.645000+00:00		1800edf0-1516-11eb-a17b-b1ec5287b94c		0	Perenterol tablet	FALSE	
db9fd8a2-1784-11eb-8c52-a10bbdc20e16	db9fd8a1-1784-11eb-8c52-a10bbdc20e16	2020-10-26 12:14:55.274000+00:00	Ei ★ Kartoffeln ★ Speck			0	Bacon and eggs w/ wedges	FALSE	
2dcd24f3-1700-11eb-8c52-a10bbdc20e16	2dcd24f2-1700-11eb-8c52-a10bbdc20e16	2020-10-25 20:25:10.079000+00:00	Haferflocken ★ Schokolade (Milch)			0	Digestives	FALSE	
1ec4b9a3-1700-11eb-8c52-a10bbdc20e16	1ec4b9a2-1700-11eb-8c52-a10bbdc20e16	2020-10-25 20:24:44.858000+00:00	Erdnussbutter ★ Kartoffelchips			0	Chips & peanut butter	FALSE	
91b64083-16ee-11eb-8c52-a10bbdc20e16	91b64082-16ee-11eb-8c52-a10bbdc20e16	2020-10-25 18:19:06.760000+00:00	Haferflocken ★ Kartoffelchips ★ Schokolade (Milch)			0	Chips & digestives	FALSE	
5f722b30-16ed-11eb-8c52-a10bbdc20e16		2020-10-25 18:10:32.931000+00:00				0	Eggplant pasta w/ olives and capers	TRUE	
1e2b4553-16eb-11eb-8c52-a10bbdc20e16	1e2b4552-16eb-11eb-8c52-a10bbdc20e16	2020-10-25 17:54:24.421000+00:00	Aubergine ★ Hart- und Schnittkäse ★ Kapern ★ Oliven ★ Pasta  (aus Weizen)			0	"Pasta w/ eggplant, olives and capers"	FALSE	
2a7d5523-16e9-11eb-8c52-a10bbdc20e16	2a7d5522-16e9-11eb-8c52-a10bbdc20e16	2020-10-25 17:40:26.098000+00:00		1800edf0-1516-11eb-a17b-b1ec5287b94c		0	Perenterol tablet	FALSE	
bae9ba93-16df-11eb-8559-bb75ffc3ecbc	bae9ba92-16df-11eb-8559-bb75ffc3ecbc	2020-10-25 16:32:53.433000+00:00	Erdnüsse ★ Honig ★ Mandeln ★ Wasabi			0	Honey almonds & wasabi peanuts	FALSE	
5d680d83-16a4-11eb-8559-bb75ffc3ecbc	5d680d82-16a4-11eb-8559-bb75ffc3ecbc	2020-10-25 09:27:56.248000+00:00	Apfel ★ Haferflocken ★ Mandelmilch ★ Mandeln ★ Reismilch ★ Zimt			0	Porridge	FALSE	
55874c73-16a4-11eb-8559-bb75ffc3ecbc	55874c72-16a4-11eb-8559-bb75ffc3ecbc	2020-10-25 09:27:43.032000+00:00		1800edf0-1516-11eb-a17b-b1ec5287b94c		0	Perenterol tablet	FALSE	
a5fd7b72-1636-11eb-8559-bb75ffc3ecbc	a5fd7b71-1636-11eb-8559-bb75ffc3ecbc	2020-10-24 20:22:33.383000+00:00	Hühnchen ★ Kartoffeln ★ Möhre			0	Chicken legs baked potato & carrot	FALSE	
904b2163-1636-11eb-8559-bb75ffc3ecbc	904b2162-1636-11eb-8559-bb75ffc3ecbc	2020-10-24 20:21:56.982000+00:00	Erdnussbutter ★ Kartoffelchips			0	Chips & peanut butter	FALSE	
dfe8a103-1633-11eb-8559-bb75ffc3ecbc	dfe8a102-1633-11eb-8559-bb75ffc3ecbc	2020-10-24 20:02:42.064000+00:00	"Kartoffelchips ★ Schokolade  (dunkel, 60-69% Kakao-Anteil)"			0	Chips	FALSE	
c7174923-1632-11eb-8559-bb75ffc3ecbc	c7174922-1632-11eb-8559-bb75ffc3ecbc	2020-10-24 19:54:50.930000+00:00		1800edf0-1516-11eb-a17b-b1ec5287b94c		0	Perenterol tablet	FALSE	
b7e1b353-1632-11eb-8559-bb75ffc3ecbc	b7e1b352-1632-11eb-8559-bb75ffc3ecbc	2020-10-24 19:54:25.413000+00:00		1800edf0-1516-11eb-a17b-b1ec5287b94c		0	Perenterol tablet	FALSE	
547e5513-15ed-11eb-8559-bb75ffc3ecbc	547e5512-15ed-11eb-8559-bb75ffc3ecbc	2020-10-24 11:37:43.393000+00:00	Apfel ★ Haferflocken ★ Mandelmilch ★ Mandeln ★ Reismilch ★ Zimt			0	Porridge	FALSE	
dcd241b3-1561-11eb-b9a5-97a1e9108a48	dcd241b2-1561-11eb-b9a5-97a1e9108a48	2020-10-23 18:59:22.571000+00:00	Kartoffelchips			0	Chips	FALSE	
d069ae92-1561-11eb-b9a5-97a1e9108a48	d069ae91-1561-11eb-b9a5-97a1e9108a48	2020-10-23 18:59:01.753000+00:00	Aubergine ★ Ingwer ★ Knoblauch-Öl ★ Möhre ★ Reis ★ Thunfisch	bfdc4650-002b-11eb-8968-8d06a7310fc2		0	Fried rice 2 tablespoons of ketjap sauce	FALSE	
aadc5b23-155a-11eb-b9a5-97a1e9108a48	aadc5b22-155a-11eb-b9a5-97a1e9108a48	2020-10-23 18:07:52.274000+00:00		1800edf0-1516-11eb-a17b-b1ec5287b94c		0	Perenterol tablet	FALSE	
a3b39f70-155a-11eb-b9a5-97a1e9108a48		2020-10-23 18:07:40.263000+00:00		1800edf0-1516-11eb-a17b-b1ec5287b94c		0	Perenterol tablet	TRUE	
4ab426b0-1541-11eb-b9a5-97a1e9108a48	4ab3ffa2-1541-11eb-b9a5-97a1e9108a48	2020-10-23 15:06:13.531000+00:00	Hart- und Schnittkäse ★ Kapern ★ Knoblauch ★ Oliven ★ Pasta  (aus Weizen)			0	Pasta w/ olives capers & garlic	FALSE	
1d664ec3-1516-11eb-a17b-b1ec5287b94c	1d664ec2-1516-11eb-a17b-b1ec5287b94c	2020-10-23 09:57:09.164000+00:00	Erdbeeren ★ Feigen ★ Haferflocken ★ Mandelmilch ★ Mandeln ★ Reismilch ★ Zimt			0	Porridge started	FALSE	
f72b2af0-1515-11eb-a17b-b1ec5287b94c	f72b03e2-1515-11eb-a17b-b1ec5287b94c	2020-10-23 09:56:05.023000+00:00		1800edf0-1516-11eb-a17b-b1ec5287b94c		0	Perenterol tablet	FALSE	
89c18d03-14a3-11eb-a17b-b1ec5287b94c	89c18d02-14a3-11eb-a17b-b1ec5287b94c	2020-10-22 20:16:58.832000+00:00	Honig ★ Kartoffelchips ★ Mandeln			0	Chips & honey almonds	FALSE	
40d47053-149c-11eb-a17b-b1ec5287b94c	40d47052-149c-11eb-a17b-b1ec5287b94c	2020-10-22 19:24:50.005000+00:00	Aubergine ★ Ingwer ★ Knoblauch-Öl ★ Möhre ★ Reis ★ Thunfisch	bfdc4650-002b-11eb-8968-8d06a7310fc2		0	Fried rice 2 tablespoons of ketjap sauce	FALSE	
b33a0be3-147f-11eb-9b18-65b3f4e3665e	b33a0be2-147f-11eb-9b18-65b3f4e3665e	2020-10-22 16:00:26.526000+00:00	Bier			0	Beer ipa	FALSE	
06510230-147a-11eb-9b18-65b3f4e3665e		2020-10-22 15:19:48.947000+00:00				0	Pasta w/ olives capers & garlic	TRUE	
db079e43-1479-11eb-9b18-65b3f4e3665e	db079e42-1479-11eb-9b18-65b3f4e3665e	2020-10-22 15:18:36.324000+00:00	Hart- und Schnittkäse ★ Kapern ★ Knoblauch ★ Oliven ★ Pasta  (aus Weizen)			0	Pasta w/ olives capers & garlic	FALSE	
5ff18242-1459-11eb-9b18-65b3f4e3665e	5ff18241-1459-11eb-9b18-65b3f4e3665e	2020-10-22 11:26:05.924000+00:00	Feigen ★ Haferflocken ★ Mandelmilch ★ Mandeln ★ Reismilch ★ Zimt			0	Porridge	FALSE	
4067d872-13c3-11eb-9b18-65b3f4e3665e	4067d871-13c3-11eb-9b18-65b3f4e3665e	2020-10-21 17:31:28.503000+00:00	Erdnussbutter ★ Haferflocken ★ Honig ★ Kartoffelchips ★ Mandeln ★ Schokolade (Milch)			0	Chips & peanut butter honey almonds & digestives	FALSE	
21ef22a3-139f-11eb-afbc-c78e4848e706	21ef22a2-139f-11eb-afbc-c78e4848e706	2020-10-21 13:12:55.498000+00:00	Ei ★ Pilze ★ Speck ★ Tomate			0	Bacon and eggs	FALSE	
12a0f433-137d-11eb-8d58-2109c2896746	12a0f432-137d-11eb-8d58-2109c2896746	2020-10-21 09:09:06.931000+00:00				0	Glucose test liquid	FALSE	
60312663-1374-11eb-8d58-2109c2896746	60312662-1374-11eb-8d58-2109c2896746	2020-10-21 08:06:51.590000+00:00	Wasser (ohne Kohlensäure)			0	Cup of hot water	FALSE	
8cb93963-1307-11eb-8d58-2109c2896746	8cb93962-1307-11eb-8d58-2109c2896746	2020-10-20 19:07:51.158000+00:00	Erdnussbutter ★ Kartoffelchips			0	Chips & peanut butter	FALSE	
3e7021d0-12ec-11eb-8d58-2109c2896746		2020-10-20 15:52:23.405000+00:00				0	Tommies burger w/ fries	TRUE	
13a340e3-12ec-11eb-8d58-2109c2896746	13a340e2-12ec-11eb-8d58-2109c2896746	2020-10-20 15:51:11.598000+00:00	"Eisbergsalat ★ Hamburger (Patty, Brötchen) ★ Ketchup ★ Mayonnaise ★ Pommes Frites ★ Saure Gurken ★ Speck ★ Tomate ★ Weichkäse"			0	Tommies burger w/ fries	FALSE	
ffecfa33-12c5-11eb-8d58-2109c2896746	ffecfa32-12c5-11eb-8d58-2109c2896746	2020-10-20 11:18:37.651000+00:00	Feigen ★ Haferflocken ★ Mandelmilch ★ Mandeln ★ Reismilch ★ Zimt			0	Porridge	FALSE	
96625813-123b-11eb-8d58-2109c2896746	96625812-123b-11eb-8d58-2109c2896746	2020-10-19 18:47:50.033000+00:00	"Kartoffelchips ★ Schokolade  (dunkel, 60-69% Kakao-Anteil)"			0	Chips	FALSE	
89609233-123b-11eb-8d58-2109c2896746	89609232-123b-11eb-8d58-2109c2896746	2020-10-19 18:47:28.211000+00:00	Aubergine ★ Ingwer ★ Knoblauch-Öl ★ Möhre ★ Reis ★ Thunfisch	bfdc4650-002b-11eb-8968-8d06a7310fc2		0	Fried rice 2 tablespoons of ketjap sauce	FALSE	
78bb9743-1222-11eb-8d58-2109c2896746	78bb9742-1222-11eb-8d58-2109c2896746	2020-10-19 15:48:02.868000+00:00	Hühnchen ★ Kartoffeln ★ Möhre			0	Chicken legs baked potato & carrot	FALSE	
9c1da943-1208-11eb-8d58-2109c2896746	9c1da942-1208-11eb-8d58-2109c2896746	2020-10-19 12:42:55.316000+00:00	Feigen ★ Haferflocken ★ Mandelmilch ★ Mandeln ★ Reismilch ★ Zimt			0	Porridge	FALSE	
a983d253-1170-11eb-b26c-9f31a49a9218	a983d252-1170-11eb-b26c-9f31a49a9218	2020-10-18 18:35:14.293000+00:00	Kartoffelchips			0	Chips	FALSE	
2d7c6062-116f-11eb-b26c-9f31a49a9218	2d7c6061-116f-11eb-b26c-9f31a49a9218	2020-10-18 18:24:36.710000+00:00	Haferflocken ★ Hafermilch ★ Reismilch ★ Schokolade (Milch)			0	Digestives (5 or 6) & milk	FALSE	
3ddbecb3-116e-11eb-b26c-9f31a49a9218	3ddbecb2-116e-11eb-b26c-9f31a49a9218	2020-10-18 18:17:54.683000+00:00	Hühnchen ★ Kartoffeln ★ Möhre			0	Chicken legs baked potato & carrot	FALSE	
52fcb5f3-113e-11eb-b26c-9f31a49a9218	52fcb5f2-113e-11eb-b26c-9f31a49a9218	2020-10-18 12:34:54.287000+00:00	Feigen ★ Haferflocken ★ Mandelmilch ★ Mandeln ★ Reismilch ★ Zimt			0	Porridge	FALSE	
be7bd193-10b6-11eb-b26c-9f31a49a9218	be7bd192-10b6-11eb-b26c-9f31a49a9218	2020-10-17 20:24:23.081000+00:00	Kartoffelchips			0	Chips	FALSE	
2d39f4b2-10b5-11eb-b26c-9f31a49a9218	2d39f4b1-10b5-11eb-b26c-9f31a49a9218	2020-10-17 20:13:09.883000+00:00	Aubergine ★ Ingwer ★ Knoblauch-Öl ★ Möhre ★ Reis ★ Thunfisch	bfdc4650-002b-11eb-8968-8d06a7310fc2		0	Fried rice 2 tablespoons of ketjap sauce	FALSE	
86e30243-107e-11eb-b26c-9f31a49a9218	86e30242-107e-11eb-b26c-9f31a49a9218	2020-10-17 13:41:57.988000+00:00	Erdnussbutter ★ Kartoffelchips			0	Chips & peanut butter	FALSE	
d2f02d03-106c-11eb-a6be-5737fdb49c57	d2f02d02-106c-11eb-a6be-5737fdb49c57	2020-10-17 11:35:14.640000+00:00	Erdbeeren ★ Haferflocken ★ Mandelmilch ★ Mandeln ★ Reismilch ★ Zimt			0	Porridge	FALSE	
0f1bae72-0fe2-11eb-b177-6b5c0d20453d	0f1bae71-0fe2-11eb-b177-6b5c0d20453d	2020-10-16 19:01:55.543000+00:00	Kartoffelchips			0	Chips	FALSE	
8bb1d001-0fdc-11eb-b177-6b5c0d20453d	8bb1d000-0fdc-11eb-b177-6b5c0d20453d	2020-10-16 18:22:27.584000+00:00	Honig ★ Mandeln			0	Honey almonds	FALSE	
a80d7202-0fdb-11eb-b177-6b5c0d20453d	a80d7201-0fdb-11eb-b177-6b5c0d20453d	2020-10-16 18:16:05.664000+00:00	Aubergine ★ Ingwer ★ Knoblauch-Öl ★ Möhre ★ Reis ★ Thunfisch	bfdc4650-002b-11eb-8968-8d06a7310fc2		0	Fried rice 2 tablespoons of ketjap sauce	FALSE	
5c6e1b83-0fb1-11eb-b177-6b5c0d20453d	5c6e1b82-0fb1-11eb-b177-6b5c0d20453d	2020-10-16 13:13:19.928000+00:00	Ei ★ Speck			0	Bacon and eggs	FALSE	
193fac93-0f91-11eb-b177-6b5c0d20453d	193fac92-0f91-11eb-b177-6b5c0d20453d	2020-10-16 09:22:23.321000+00:00	Erdbeeren ★ Haferflocken ★ Mandelmilch ★ Mandeln ★ Reismilch ★ Zimt			0	Porridge	FALSE	
f4113f40-0f0b-11eb-81a4-15b4da907799		2020-10-15 17:29:17.876000+00:00				0	Chips & peanut butter	TRUE	
e419b903-0f0b-11eb-81a4-15b4da907799	e419b902-0f0b-11eb-81a4-15b4da907799	2020-10-15 17:28:51.088000+00:00	Erdnussbutter ★ Kartoffelchips			0	Chips & peanut butter	FALSE	
da320462-0f0b-11eb-81a4-15b4da907799	da320461-0f0b-11eb-81a4-15b4da907799	2020-10-15 17:28:34.470000+00:00	Aubergine ★ Ingwer ★ Knoblauch-Öl ★ Möhre ★ Reis ★ Thunfisch	bfdc4650-002b-11eb-8968-8d06a7310fc2		0	Fried rice 2 tablespoons of ketjap sauce	FALSE	
cfc726c3-0eef-11eb-9c10-2de07f418f8d	cfc726c2-0eef-11eb-9c10-2de07f418f8d	2020-10-15 14:07:51.084000+00:00	Hart- und Schnittkäse ★ Kartoffelchips ★ Oliven ★ Schinken			0	Ham & cheese olives chips	FALSE	
cd3f6a70-0eef-11eb-9c10-2de07f418f8d		2020-10-15 14:07:46.839000+00:00				0	Ham & cheese olives chips	TRUE	
df48b553-0ed1-11eb-9c10-2de07f418f8d	df48b552-0ed1-11eb-9c10-2de07f418f8d	2020-10-15 10:33:32.197000+00:00	Erdbeeren ★ Haferflocken ★ Mandelmilch ★ Mandeln ★ Reismilch ★ Zimt			0	Porridge	FALSE	
d73c6093-0e46-11eb-9c10-2de07f418f8d	d73c6092-0e46-11eb-9c10-2de07f418f8d	2020-10-14 17:58:18.649000+00:00	Aubergine ★ Ingwer ★ Knoblauch-Öl ★ Möhre ★ Reis ★ Thunfisch	bfdc4650-002b-11eb-8968-8d06a7310fc2		0	Fried rice 2 tablespoons of ketjap sauce	FALSE	
c64eba82-0e46-11eb-9c10-2de07f418f8d	c64eba81-0e46-11eb-9c10-2de07f418f8d	2020-10-14 17:57:50.248000+00:00	Erdnussbutter ★ Kartoffelchips			0	Chips & peanut butter	FALSE	
84db01a3-0e2b-11eb-9c10-2de07f418f8d	84db01a2-0e2b-11eb-9c10-2de07f418f8d	2020-10-14 14:42:44.026000+00:00	Hart- und Schnittkäse ★ Kartoffelchips ★ Oliven ★ Schinken			0	Ham & cheese olives chips	FALSE	
7d236583-0e01-11eb-ba61-a517322bf8c0	7d236582-0e01-11eb-ba61-a517322bf8c0	2020-10-14 09:41:52.216000+00:00	Erdbeeren ★ Feigen ★ Haferflocken ★ Mandelmilch ★ Mandeln ★ Reismilch ★ Zimt			0	Porridge	FALSE	
c5a39533-0d7c-11eb-8da9-5dcae624b8cf	c5a39532-0d7c-11eb-8da9-5dcae624b8cf	2020-10-13 17:51:50.787000+00:00	Lachs ★ Reis			0	Salmon & rice	FALSE	
7a72d8a1-0d4a-11eb-8da9-5dcae624b8cf	7a72d8a0-0d4a-11eb-8da9-5dcae624b8cf	2020-10-13 11:51:49.802000+00:00	Kartoffelchips			0	Chips	FALSE	
67904063-0d4a-11eb-8da9-5dcae624b8cf	67904062-0d4a-11eb-8da9-5dcae624b8cf	2020-10-13 11:51:18.119000+00:00	Dinkel oder Weizen Sauerteigbrot mit einer Gehzeit von mind. 4.5 Stunden ★ Ei ★ Speck			0	Bacon and eggs	FALSE	
37897613-0d37-11eb-8da9-5dcae624b8cf	37897612-0d37-11eb-8da9-5dcae624b8cf	2020-10-13 09:33:57.105000+00:00	Erdbeeren ★ Feigen ★ Haferflocken ★ Mandelmilch ★ Mandeln ★ Reismilch ★ Zimt			0	Porridge	FALSE	
433719b3-0c9f-11eb-bcae-f9bb32adfd4f	433719b2-0c9f-11eb-bcae-f9bb32adfd4f	2020-10-12 15:26:13.195000+00:00	Aubergine ★ Ingwer ★ Knoblauch-Öl ★ Möhre ★ Reis ★ Thunfisch	bfdc4650-002b-11eb-8968-8d06a7310fc2		0	Fried rice 2 tablespoons of ketjap sauce	FALSE	
956cb7e3-0c71-11eb-b82b-3b2b48945de9	956cb7e2-0c71-11eb-b82b-3b2b48945de9	2020-10-12 09:59:14.270000+00:00	Erdbeeren ★ Haferflocken ★ Mandelmilch ★ Mandeln ★ Reismilch ★ Zimt			0	Porridge	FALSE	
1424cf83-0bf2-11eb-b82b-3b2b48945de9	1424cf82-0bf2-11eb-b82b-3b2b48945de9	2020-10-11 18:46:31.288000+00:00	Hart- und Schnittkäse ★ Kartoffelchips ★ Oliven			0	"Chips, cheese and olives"	FALSE	
6f763510-0beb-11eb-b82b-3b2b48945de9	6f760e02-0beb-11eb-b82b-3b2b48945de9	2020-10-11 17:58:58.017000+00:00	Aubergine ★ Ingwer ★ Knoblauch-Öl ★ Möhre ★ Reis ★ Thunfisch	bfdc4650-002b-11eb-8968-8d06a7310fc2		0	Fried rice 2 tablespoons of ketjap sauce	FALSE	
2ea74253-0bbd-11eb-b82b-3b2b48945de9	2ea74252-0bbd-11eb-b82b-3b2b48945de9	2020-10-11 12:27:52.437000+00:00	Hart- und Schnittkäse ★ Hühnchen ★ Kartoffeln ★ Oliven			0	Chicken legs baked potato & cheese olives	FALSE	
a79652b2-0ba8-11eb-b82b-3b2b48945de9	a79652b1-0ba8-11eb-b82b-3b2b48945de9	2020-10-11 10:00:55.899000+00:00	Erdbeeren ★ Feigen ★ Haferflocken ★ Mandelmilch ★ Mandeln ★ Reismilch ★ Zimt			0	Porridge	FALSE	
f1ae89b3-0b32-11eb-9fa4-fd0bac0afa3e	f1ae89b2-0b32-11eb-9fa4-fd0bac0afa3e	2020-10-10 19:58:19.595000+00:00	"Schokolade  (dunkel, 60-69% Kakao-Anteil)"			0	Chocolate	FALSE	
e0fc8d13-0b32-11eb-9fa4-fd0bac0afa3e	e0fc8d12-0b32-11eb-9fa4-fd0bac0afa3e	2020-10-10 19:57:51.585000+00:00	Hühnchen ★ Kartoffeln ★ Möhre			0	Chicken legs baked potato & carrot	FALSE	
0bf20e03-0b1a-11eb-9fa4-fd0bac0afa3e	0bf20e02-0b1a-11eb-9fa4-fd0bac0afa3e	2020-10-10 17:00:06.240000+00:00	Honig ★ Kartoffelchips ★ Mandeln			0	Honey almonds & chips	FALSE	
fd7abf20-0b19-11eb-9fa4-fd0bac0afa3e		2020-10-10 16:59:41.971000+00:00				0	Chips & chocolate	TRUE	
1fc3aab3-0ad9-11eb-9fa4-fd0bac0afa3e	1fc3aab2-0ad9-11eb-9fa4-fd0bac0afa3e	2020-10-10 09:15:22.203000+00:00	Ei ★ Speck			0	Bacon and eggs	FALSE	
f8c567f2-0a6a-11eb-bcc2-a7a93753513e	f8c567f1-0a6a-11eb-bcc2-a7a93753513e	2020-10-09 20:06:52.143000+00:00	"Kartoffelchips ★ Schokolade  (dunkel, 60-69% Kakao-Anteil)"			0	Chips & chocolate	FALSE	
e6ae3603-0a6a-11eb-bcc2-a7a93753513e	e6ae3602-0a6a-11eb-bcc2-a7a93753513e	2020-10-09 20:06:21.792000+00:00	Aubergine ★ Ingwer ★ Möhre ★ Reis ★ Thunfisch	bfdc4650-002b-11eb-8968-8d06a7310fc2		0	Fried rice 2 tablespoons of ketjap sauce	FALSE	
54f17b42-0a52-11eb-bcc2-a7a93753513e	54f17b41-0a52-11eb-bcc2-a7a93753513e	2020-10-09 17:10:29.364000+00:00	"Kartoffelchips ★ Schokolade  (dunkel, 60-69% Kakao-Anteil)"			0	Chips & chocolate	FALSE	
75b68953-0a3a-11eb-bcc2-a7a93753513e	75b68952-0a3a-11eb-bcc2-a7a93753513e	2020-10-09 14:19:36.421000+00:00	Haferflocken ★ Mandelmilch ★ Mandeln ★ Reismilch ★ Zimt			0	Porridge	FALSE	
5e2f9653-0a3a-11eb-bcc2-a7a93753513e	5e2f9652-0a3a-11eb-bcc2-a7a93753513e	2020-10-09 14:18:56.949000+00:00	Hühnchen ★ Kartoffeln ★ Möhre			0	Chicken legs baked potato & carrot	FALSE	
795b7283-0997-11eb-a445-cd1375b5c611	795b7282-0997-11eb-a445-cd1375b5c611	2020-10-08 18:52:54.568000+00:00	Aubergine ★ Ingwer ★ Möhre ★ Reis ★ Thunfisch	bfdc4650-002b-11eb-8968-8d06a7310fc2		0	Fried rice 2 tablespoons of ketjap sauce	FALSE	
609d3803-0997-11eb-a445-cd1375b5c611	609d3802-0997-11eb-a445-cd1375b5c611	2020-10-08 18:52:13.056000+00:00	"Kartoffelchips ★ Schokolade  (dunkel, 60-69% Kakao-Anteil)"			0	Chips & chocolate	FALSE	
b726a783-098b-11eb-a445-cd1375b5c611	b726a782-098b-11eb-a445-cd1375b5c611	2020-10-08 17:28:44.280000+00:00	Honig ★ Mandeln			0	Honey almonds	FALSE	
c8c05cf3-0947-11eb-a445-cd1375b5c611	c8c05cf2-0947-11eb-a445-cd1375b5c611	2020-10-08 09:22:28.031000+00:00	Ei ★ Kartoffelchips ★ Speck			0	Bacon and eggs & chips	FALSE	
bd8fdba0-0418-11eb-a5df-31a9f2e205f9		2020-10-07 19:32:35.715000+00:00				0	Chicken legs baked potato & carrot	TRUE	
d0302573-08d3-11eb-8c43-8944d303b35f	d0302572-08d3-11eb-8c43-8944d303b35f	2020-10-07 19:32:18.887000+00:00	Hühnchen ★ Kartoffeln ★ Möhre			0	Chicken legs baked potato & carrot	FALSE	
8c828fe2-08bd-11eb-8c43-8944d303b35f	8c828fe1-08bd-11eb-8c43-8944d303b35f	2020-10-07 16:52:56.414000+00:00	Honig ★ Kartoffelchips ★ Mandeln			0	Chips & honey almonds	FALSE	
855291c3-087c-11eb-ae53-35f9d5fd9b27	855291c2-087c-11eb-ae53-35f9d5fd9b27	2020-10-07 09:07:27.068000+00:00	Erdbeeren ★ Feigen ★ Haferflocken ★ Mandelmilch ★ Mandeln ★ Reismilch ★ Zimt			0	Porridge spati oats	FALSE	
a05a3ac3-07f2-11eb-89d6-b90cc2a27c9a	a05a3ac2-07f2-11eb-89d6-b90cc2a27c9a	2020-10-06 16:40:21.868000+00:00	Kartoffelchips			0	Chips	FALSE	
94362ab3-07f2-11eb-89d6-b90cc2a27c9a	94362ab2-07f2-11eb-89d6-b90cc2a27c9a	2020-10-06 16:40:01.499000+00:00	Aubergine ★ Ingwer ★ Knoblauch-Öl ★ Linsen (rot) ★ Möhre ★ Reis ★ Thunfisch	bfdc4650-002b-11eb-8968-8d06a7310fc2		0	Fried rice 2 tablespoons of ketjap sauce	FALSE	
c3c60403-07c8-11eb-89d6-b90cc2a27c9a	c3c60402-07c8-11eb-89d6-b90cc2a27c9a	2020-10-06 11:40:42.433000+00:00	Erdbeeren ★ Feigen ★ Haferflocken ★ Mandelmilch ★ Mandeln ★ Reismilch ★ Zimt			0	Porridge spati oats	FALSE	
9d352fd3-07ac-11eb-89d6-b90cc2a27c9a	9d352fd2-07ac-11eb-89d6-b90cc2a27c9a	2020-10-06 08:19:11.821000+00:00	Wasser (ohne Kohlensäure)	b58d0760-07ac-11eb-89d6-b90cc2a27c9a		0	Fructose solution	FALSE	
6e17b313-07a4-11eb-89d6-b90cc2a27c9a	6e17b312-07a4-11eb-89d6-b90cc2a27c9a	2020-10-06 07:20:36.801000+00:00	Wasser (ohne Kohlensäure)			0	Hot water	FALSE	
8e42a9d3-0725-11eb-89d6-b90cc2a27c9a	8e42a9d2-0725-11eb-89d6-b90cc2a27c9a	2020-10-05 16:12:24.685000+00:00	Aubergine ★ Ingwer ★ Möhre ★ Reis ★ Thunfisch	bfdc4650-002b-11eb-8968-8d06a7310fc2		0	Fried rice 2 tablespoons of ketjap sauce	FALSE	
c9dbfbf3-071f-11eb-89d6-b90cc2a27c9a	c9dbfbf2-071f-11eb-89d6-b90cc2a27c9a	2020-10-05 15:31:07.695000+00:00	Kartoffelchips			0	Chips	FALSE	
a49662e3-06f7-11eb-834b-a9ec869c91cc	a49662e2-06f7-11eb-834b-a9ec869c91cc	2020-10-05 10:43:45.294000+00:00	Erdbeeren ★ Feigen ★ Haferflocken ★ Mandelmilch ★ Mandeln ★ Reismilch ★ Zimt			0	Porridge spati oats	FALSE	
e15d62c3-06f5-11eb-834b-a9ec869c91cc	e15d62c2-06f5-11eb-834b-a9ec869c91cc	2020-10-05 10:31:08.268000+00:00		f2464de0-06f5-11eb-834b-a9ec869c91cc		0	Vitamin tablet	FALSE	
ea4be893-066c-11eb-834b-a9ec869c91cc	ea4be892-066c-11eb-834b-a9ec869c91cc	2020-10-04 18:10:42.201000+00:00	"Mandelmilch ★ Reismilch ★ Schokolade  (dunkel, 60-69% Kakao-Anteil)"			0	Dark chocolate & almond milk	FALSE	
7fdfc1d3-066b-11eb-834b-a9ec869c91cc	7fdfc1d2-066b-11eb-834b-a9ec869c91cc	2020-10-04 18:00:34.157000+00:00	Erdnussbutter ★ Kartoffelchips			0	Chips & peanut butter	FALSE	
550b8de3-066b-11eb-834b-a9ec869c91cc	550b8de2-066b-11eb-834b-a9ec869c91cc	2020-10-04 17:59:22.302000+00:00	Hühnchen ★ Reis			0	Chicken wings & rice	FALSE	
4adce530-066b-11eb-834b-a9ec869c91cc		2020-10-04 17:59:05.219000+00:00				0	Chicken wings & rice	TRUE	
1b6037d2-066b-11eb-834b-a9ec869c91cc	1b6037d1-066b-11eb-834b-a9ec869c91cc	2020-10-04 17:57:45.549000+00:00	Hühnchen ★ Reis			0	Chicken wings & rice	FALSE	
ecb98470-0630-11eb-834b-a9ec869c91cc		2020-10-04 11:01:16.472000+00:00				0	Porridge	TRUE	
d2f858e3-0630-11eb-834b-a9ec869c91cc	d2f858e2-0630-11eb-834b-a9ec869c91cc	2020-10-04 11:00:33.262000+00:00	Erdbeeren ★ Feigen ★ Haferflocken ★ Mandelmilch ★ Mandeln ★ Reismilch ★ Zimt			0	Porridge	FALSE	
65593790-05b4-11eb-a354-6b1b0ae57c69	65591082-05b4-11eb-a354-6b1b0ae57c69	2020-10-03 20:09:51.753000+00:00	Hühnchen ★ Kartoffeln ★ Reis			0	Chicken wings baked potato & carrot	FALSE	
f0e00ca3-0580-11eb-bed7-83a972ce0932	f0e00ca2-0580-11eb-bed7-83a972ce0932	2020-10-03 14:01:32.010000+00:00	Erdnussbutter ★ Kartoffelchips			0	Chips & peanut butter	FALSE	
4fe37323-0579-11eb-bed7-83a972ce0932	4fe37322-0579-11eb-bed7-83a972ce0932	2020-10-03 13:06:55.442000+00:00	Erdbeeren ★ Feigen ★ Haferflocken ★ Mandelmilch ★ Mandeln ★ Reismilch ★ Zimt			0	Porridge	FALSE	
072d4d53-0564-11eb-a7a4-5f5b69596c50	072d4d52-0564-11eb-a7a4-5f5b69596c50	2020-10-03 10:34:34.022000+00:00		67d3f620-03f4-11eb-a5df-31a9f2e205f9		0	White chocolate	FALSE	
42f92453-0562-11eb-a7a4-5f5b69596c50	42f92452-0562-11eb-a7a4-5f5b69596c50	2020-10-03 10:21:55.349000+00:00	Ei ★ Kartoffeln ★ Speck			0	Bacon and eggs potato discs	FALSE	
df1942b0-04d2-11eb-ab73-f92718dda628		2020-10-02 17:15:29.755000+00:00				0	"Ham, cheese, olive, fig & chips"	TRUE	
c7986a33-04d2-11eb-ab73-f92718dda628	c7986a32-04d2-11eb-ab73-f92718dda628	2020-10-02 17:14:50.323000+00:00	Feigen ★ Hart- und Schnittkäse ★ Kartoffelchips ★ Oliven ★ Schinken			0	"Ham, cheese, olive, fig & chips"	FALSE	
339730f3-04aa-11eb-bc3a-49eccbd3cc87	339730f2-04aa-11eb-bc3a-49eccbd3cc87	2020-10-02 12:24:22.143000+00:00	Hühnchen ★ Kartoffeln ★ Möhre ★ Reis			0	Chicken breast baked potato & carrot	FALSE	
1f3c1ec0-0484-11eb-81ed-1522472c2c83		2020-10-02 07:51:47.117000+00:00				0	Porridge	TRUE	
110693d3-0484-11eb-81ed-1522472c2c83	110693d2-0484-11eb-81ed-1522472c2c83	2020-10-02 07:51:23.277000+00:00	Erdbeeren ★ Feigen ★ Haferflocken ★ Mandeln ★ Zimt			0	Porridge	FALSE	
9b171703-0418-11eb-a5df-31a9f2e205f9	9b171702-0418-11eb-a5df-31a9f2e205f9	2020-10-01 19:02:09.264000+00:00	Hühnchen ★ Kartoffeln ★ Möhre ★ Reis			0	Chicken breast baked potato & carrot	FALSE	
4494baf3-03f9-11eb-a5df-31a9f2e205f9	4494baf2-03f9-11eb-a5df-31a9f2e205f9	2020-10-01 15:17:49.727000+00:00	Aubergine ★ Ingwer ★ Knoblauch-Öl ★ Linsen (rot) ★ Möhre ★ Reis ★ Thunfisch	bfdc4650-002b-11eb-8968-8d06a7310fc2		0	Fried rice 2 tablespoons of ketjap sauce	FALSE	
61ba6083-03f4-11eb-a5df-31a9f2e205f9	61ba6082-03f4-11eb-a5df-31a9f2e205f9	2020-10-01 14:42:51.144000+00:00		67d3f620-03f4-11eb-a5df-31a9f2e205f9		0	White chocolate	FALSE	
b80030f3-03e0-11eb-bcd2-c9974c2d9e65	b80030f2-03e0-11eb-bcd2-c9974c2d9e65	2020-10-01 12:22:05.951000+00:00	Milch (Kuhmilch)	c6871030-03e0-11eb-bcd2-c9974c2d9e65		0	Chocolate milk	FALSE	
f30ad243-03c7-11eb-bcd2-c9974c2d9e65	f30ad242-03c7-11eb-bcd2-c9974c2d9e65	2020-10-01 09:24:47.588000+00:00	Haferflocken ★ Himbeeren ★ Mandeln ★ Milch (Kuhmilch) ★ Zimt			0	Porridge	FALSE	
aa3ad5c3-0358-11eb-a802-5370a04e815c	aa3ad5c2-0358-11eb-a802-5370a04e815c	2020-09-30 20:08:11.292000+00:00	Haferflocken ★ Kartoffelchips ★ Schokolade (Milch)			0	Chips & 3 digestives	FALSE	
96993343-0358-11eb-a802-5370a04e815c	96993342-0358-11eb-a802-5370a04e815c	2020-09-30 20:07:38.356000+00:00	Aubergine ★ Ingwer ★ Knoblauch-Öl ★ Linsen (rot) ★ Möhre ★ Reis ★ Thunfisch	bfdc4650-002b-11eb-8968-8d06a7310fc2		0	Fried rice 2 tablespoons of ketjap sauce	FALSE	
e2e89e53-031e-11eb-871f-3fe7f2b7722a	e2e89e52-031e-11eb-871f-3fe7f2b7722a	2020-09-30 13:14:35.573000+00:00	Hart- und Schnittkäse ★ Kartoffelchips ★ Oliven ★ Schinken			0	"Ham, cheese & chips lunch"	FALSE	
acb6d2e1-0303-11eb-a7e5-2d90f7fd2851	acb6d2e0-0303-11eb-a7e5-2d90f7fd2851	2020-09-30 09:59:48.238000+00:00	Feigen ★ Haferflocken ★ Himbeeren ★ Mandeln ★ Milch (Kuhmilch) ★ Zimt			0	Porridge	FALSE	
10072290-027e-11eb-98bb-37a0c4cd06d5	1006fb82-027e-11eb-98bb-37a0c4cd06d5	2020-09-29 18:03:22.297000+00:00	Kartoffelchips			0	Chips 3/4 bag	FALSE	
16f27963-0279-11eb-98bb-37a0c4cd06d5	16f27962-0279-11eb-98bb-37a0c4cd06d5	2020-09-29 17:27:46.422000+00:00	Aubergine ★ Ingwer ★ Knoblauch-Öl ★ Linsen (rot) ★ Möhre ★ Reis ★ Thunfisch	bfdc4650-002b-11eb-8968-8d06a7310fc2		0	Fried rice 2 tablespoons of ketjap sauce	FALSE	
9de7acd3-024f-11eb-98bb-37a0c4cd06d5	9de7acd2-024f-11eb-98bb-37a0c4cd06d5	2020-09-29 12:30:53.981000+00:00	Feigen ★ Haferflocken ★ Himbeeren ★ Mandeln ★ Milch (Kuhmilch) ★ Zimt			0	Porridge 12 raspberries	FALSE	
0bf6e693-0233-11eb-98bb-37a0c4cd06d5	0bf6e692-0233-11eb-98bb-37a0c4cd06d5	2020-09-29 09:06:23.225000+00:00	Wasser (ohne Kohlensäure)	1e33c8f0-0233-11eb-98bb-37a0c4cd06d5		0	Lactose breath test solution	FALSE	
7d54fe63-0230-11eb-98bb-37a0c4cd06d5	7d54fe62-0230-11eb-98bb-37a0c4cd06d5	2020-09-29 08:48:04.934000+00:00	Wasser (ohne Kohlensäure)			0	Hot water	FALSE	
10b3a893-01b5-11eb-a905-81a7b084f9d6	10b3a892-01b5-11eb-a905-81a7b084f9d6	2020-09-28 18:04:34.585000+00:00	Hühnchen ★ Reis			0	Chicken thighs & rice - salt & pepper only	FALSE	
f8aaf783-0169-11eb-a905-81a7b084f9d6	f8aaf782-0169-11eb-a905-81a7b084f9d6	2020-09-28 09:07:02.008000+00:00	Haferflocken ★ Mandeln ★ Milch (Kuhmilch) ★ Zimt			0	Porridge	FALSE	
419b8853-00fd-11eb-af70-3579e631250b	419b8852-00fd-11eb-af70-3579e631250b	2020-09-27 20:08:49.237000+00:00	Erdnüsse ★ Haferflocken ★ Schokolade (Milch)			0	Peanut puffs & digestives 1/2 pack	FALSE	
4142ff82-00e6-11eb-8968-8d06a7310fc2	4142ff81-00e6-11eb-8968-8d06a7310fc2	2020-09-27 17:24:10.232000+00:00	Aubergine ★ Knoblauch-Öl ★ Mandeln ★ Möhre ★ Reis	ec5fe4d0-f9d1-11ea-bee8-530aa16f519f		0	Fried rice	FALSE	
d656e3e2-00a3-11eb-8968-8d06a7310fc2	d656e3e1-00a3-11eb-8968-8d06a7310fc2	2020-09-27 09:28:44.062000+00:00	Ei ★ Kartoffelchips ★ Speck			0	Bacon and eggs	FALSE	
dae24df2-002b-11eb-8968-8d06a7310fc2	dae24df1-002b-11eb-8968-8d06a7310fc2	2020-09-26 19:09:52.079000+00:00	Erdnüsse ★ Haferflocken ★ Schokolade (Milch)			0	Chips & digestives 1/4 pack	FALSE	
d2052b80-002b-11eb-8968-8d06a7310fc2		2020-09-26 19:09:37.208000+00:00		bfdc4650-002b-11eb-8968-8d06a7310fc2		0	Fried rice 2 tablespoons of ketjap sauce	TRUE	
84483313-002b-11eb-8968-8d06a7310fc2	84483312-002b-11eb-8968-8d06a7310fc2	2020-09-26 19:07:26.785000+00:00	Aubergine ★ Ingwer ★ Knoblauch-Öl ★ Möhre ★ Reis ★ Thunfisch	bfdc4650-002b-11eb-8968-8d06a7310fc2		0	Fried rice 2 tablespoons of ketjap sauce	FALSE	
3c0ef450-ffe8-11ea-9a70-8535abecbc8d	3c0ecd41-ffe8-11ea-9a70-8535abecbc8d	2020-09-26 11:05:49.333000+00:00	Feigen ★ Hart- und Schnittkäse ★ Kartoffelchips ★ Oliven ★ Schinken			0	"Ham, cheese & fig lunch"	FALSE	
e69a5dc3-ffd3-11ea-8aa7-a94659c407d2	e69a5dc2-ffd3-11ea-8aa7-a94659c407d2	2020-09-26 08:40:16.028000+00:00	Apfel ★ Haferflocken ★ Mandeln ★ Milch (Kuhmilch) ★ Zimt			0	Porridge	FALSE	
6748e6a3-ff32-11ea-b1e9-d103e9f95690	6748e6a2-ff32-11ea-b1e9-d103e9f95690	2020-09-25 13:24:13.450000+00:00	Feigen ★ Hart- und Schnittkäse ★ Kartoffelchips ★ Oliven ★ Schinken			0	"Ham, cheese & fig lunch"	FALSE	
e3787e02-ff07-11ea-b828-618996af0751	e3787e01-ff07-11ea-b828-618996af0751	2020-09-25 08:19:53.440000+00:00	Apfel ★ Haferflocken ★ Mandeln ★ Milch (Kuhmilch) ★ Zimt			0	Porridge	FALSE	
d26523c3-fe94-11ea-b892-7308c32cc261	d26523c2-fe94-11ea-b892-7308c32cc261	2020-09-24 18:36:12.668000+00:00	Erdnüsse ★ Kartoffelchips			0	Potato and peanut chips	FALSE	
c284cf03-fe94-11ea-b892-7308c32cc261	c284cf02-fe94-11ea-b892-7308c32cc261	2020-09-24 18:35:46.032000+00:00	Aubergine ★ Ingwer ★ Knoblauch-Öl ★ Möhre ★ Reis	cb25d9f0-f56c-11ea-9fa8-8d1d530a24bb		0	Fried rice 1 teaspoon of teriyaki sauce	FALSE	
2802cf83-fe90-11ea-b892-7308c32cc261	2802cf82-fe90-11ea-b892-7308c32cc261	2020-09-24 18:02:48.824000+00:00	Banane ★ Milch (Kuhmilch)			0	Milk & 1 bite of almost unripe banana	FALSE	
ac7669b0-fe7d-11ea-b892-7308c32cc261		2020-09-24 15:50:30.603000+00:00				0	"Ham, cheese & fig lunch"	TRUE	
6c951c63-fe7d-11ea-b892-7308c32cc261	6c951c62-fe7d-11ea-b892-7308c32cc261	2020-09-24 15:48:43.430000+00:00	Feigen ★ Hart- und Schnittkäse ★ Kartoffelchips ★ Oliven ★ Schinken			0	"Ham, cheese & fig lunch"	FALSE	
a5f2f500-f7f6-11ea-8b85-61cecfa1d39a		2020-09-24 09:05:18.951000+00:00				0	Porridge	TRUE	
f5eea370-fe44-11ea-9f58-11a07ad335a7		2020-09-24 09:04:32.551000+00:00				0	Porridge	TRUE	
e6b36853-fe44-11ea-9f58-11a07ad335a7	e6b36852-fe44-11ea-9f58-11a07ad335a7	2020-09-24 09:04:06.997000+00:00	Apfel ★ Haferflocken ★ Mandeln ★ Milch (Kuhmilch) ★ Zimt			0	Porridge	FALSE	
48094cf1-fdd2-11ea-9f58-11a07ad335a7	48094cf0-fdd2-11ea-9f58-11a07ad335a7	2020-09-23 19:23:38.175000+00:00	Haferflocken ★ Kartoffelchips ★ Schokolade (Milch)			0	Chips 1 bag & 4 digestives	FALSE	
42251f30-fdd2-11ea-9f58-11a07ad335a7		2020-09-23 19:23:28.291000+00:00		cb25d9f0-f56c-11ea-9fa8-8d1d530a24bb		0	Fried rice 1 teaspoon of teriyaki sauce	TRUE	
f589ea73-fdd1-11ea-9f58-11a07ad335a7	f589ea72-fdd1-11ea-9f58-11a07ad335a7	2020-09-23 19:21:19.767000+00:00	Aubergine ★ Ingwer ★ Knoblauch-Öl ★ Möhre ★ Reis	cb25d9f0-f56c-11ea-9fa8-8d1d530a24bb		0	Fried rice 1 teaspoon of teriyaki sauce	FALSE	
d3c14753-fda2-11ea-9dee-8dc41aa009a7	d3c14752-fda2-11ea-9dee-8dc41aa009a7	2020-09-23 13:43:56.741000+00:00	Feigen ★ Hart- und Schnittkäse ★ Kartoffelchips ★ Oliven ★ Schinken			0	Cheese serano olives figs chips	FALSE	
aac8d813-fd7d-11ea-9311-2fbf2ed59298	aac8d812-fd7d-11ea-9311-2fbf2ed59298	2020-09-23 09:17:56.625000+00:00	Apfel ★ Haferflocken ★ Mandeln ★ Milch (Kuhmilch) ★ Zimt			0	Porridge	FALSE	
fb3e0663-fcf3-11ea-bf7a-77dfe18ef1a2	fb3e0662-fcf3-11ea-bf7a-77dfe18ef1a2	2020-09-22 16:52:21.062000+00:00	Erdnüsse ★ Milch (Kuhmilch) ★ Wasabi			0	Wasabi peanuts 1/2 packet w/ milk	FALSE	
e1ba5903-fcf3-11ea-bf7a-77dfe18ef1a2	e1ba5902-fcf3-11ea-bf7a-77dfe18ef1a2	2020-09-22 16:51:38.256000+00:00	Aubergine ★ Knoblauch-Öl ★ Möhre ★ Reis	ec5fe4d0-f9d1-11ea-bee8-530aa16f519f		0	Fried rice	FALSE	
deab0910-fce6-11ea-bf7a-77dfe18ef1a2	deaae202-fce6-11ea-bf7a-77dfe18ef1a2	2020-09-22 15:18:29.665000+00:00	Feigen ★ Hart- und Schnittkäse ★ Kartoffelchips ★ Mandeln ★ Trauben			0	Cheese fig almond chips & grapes	FALSE	
348377e3-fcb6-11ea-bf7a-77dfe18ef1a2	348377e2-fcb6-11ea-bf7a-77dfe18ef1a2	2020-09-22 09:30:08.350000+00:00	Apfel ★ Haferflocken ★ Mandeln ★ Milch (Kuhmilch) ★ Zimt			0	Porridge	FALSE	
bd7933b3-fc33-11ea-b728-bb9341589f9a	bd7933b2-fc33-11ea-b728-bb9341589f9a	2020-09-21 17:56:14.059000+00:00	Erdnüsse ★ Milch (Kuhmilch) ★ Wasabi			0	Wasabi peanuts 1/3 w/ milk	FALSE	
ac176f13-fc33-11ea-b728-bb9341589f9a	ac176f12-fc33-11ea-b728-bb9341589f9a	2020-09-21 17:55:44.897000+00:00	Aubergine ★ Knoblauch-Öl ★ Möhre ★ Reis	ec5fe4d0-f9d1-11ea-bee8-530aa16f519f		0	Fried rice	FALSE	
6f5ee8c3-fc22-11ea-8029-d5deab60b0de	6f5ee8c2-fc22-11ea-8029-d5deab60b0de	2020-09-21 15:52:21.580000+00:00	Dinkel oder Weizen Sauerteigbrot mit einer Gehzeit von mind. 4.5 Stunden ★ Erdnussbutter ★ Trauben			0	2 slices sourdough w/ peanut butter & grapes	FALSE	
8e295f23-fbe5-11ea-8029-d5deab60b0de	8e295f22-fbe5-11ea-8029-d5deab60b0de	2020-09-21 08:36:33.938000+00:00	Apfel ★ Haferflocken ★ Mandeln ★ Milch (Kuhmilch) ★ Zimt			0	Porridge	FALSE	
f7072583-fb69-11ea-8029-d5deab60b0de	f7072582-fb69-11ea-8029-d5deab60b0de	2020-09-20 17:51:52.280000+00:00	Hart- und Schnittkäse ★ Kartoffelchips ★ Mandeln ★ Oliven ★ Schinken ★ Trauben			0	Ham cheese & chips honey almonds grapes	FALSE	
bdf2df50-fb69-11ea-8029-d5deab60b0de	bdf2b842-fb69-11ea-8029-d5deab60b0de	2020-09-20 17:50:16.517000+00:00	Dinkel oder Weizen Sauerteigbrot mit einer Gehzeit von mind. 4.5 Stunden ★ Eisbergsalat ★ Hart- und Schnittkäse ★ Schinken			0	Ham & cheese on toast w/ lettuce	FALSE	
1734d560-fb2d-11ea-8029-d5deab60b0de		2020-09-20 10:36:06.966000+00:00				0	Bacon and eggs	TRUE	
f2e3ce53-fb2c-11ea-8029-d5deab60b0de	f2e3ce52-fb2c-11ea-8029-d5deab60b0de	2020-09-20 10:35:06.037000+00:00	Dinkel oder Weizen Sauerteigbrot mit einer Gehzeit von mind. 4.5 Stunden ★ Ei ★ Speck			0	Bacon and eggs	FALSE	
65ac8303-fac4-11ea-8029-d5deab60b0de	65ac8302-fac4-11ea-8029-d5deab60b0de	2020-09-19 22:06:41.457000+00:00	Hühnchen ★ Kartoffeln ★ Möhre			0	Chicken breast w/ potato and carrot	FALSE	
a7a1b270-fa93-11ea-8c7e-0f070dac7280	a7a18b62-fa93-11ea-8c7e-0f070dac7280	2020-09-19 16:17:46.775000+00:00	"Wein, trocken"			0	Wine - rich Italien red	FALSE	
04cb3993-fa70-11ea-8c7e-0f070dac7280	04cb3992-fa70-11ea-8c7e-0f070dac7280	2020-09-19 12:02:41.193000+00:00	Kartoffelchips			0	Chips half bag	FALSE	
e5d64483-fa6f-11ea-8c7e-0f070dac7280	e5d64482-fa6f-11ea-8c7e-0f070dac7280	2020-09-19 12:01:49.256000+00:00	Kartoffelchips			0	Chips half bag	FALSE	
73bfcb73-fa6d-11ea-8c7e-0f070dac7280	73bfcb72-fa6d-11ea-8c7e-0f070dac7280	2020-09-19 11:44:18.855000+00:00	Aubergine ★ Knoblauch-Öl ★ Möhre ★ Reis	ec5fe4d0-f9d1-11ea-bee8-530aa16f519f		0	Fried rice	FALSE	
6f772540-fa6d-11ea-8c7e-0f070dac7280		2020-09-19 11:44:11.668000+00:00		ec5fe4d0-f9d1-11ea-bee8-530aa16f519f		0	Fried rice	TRUE	
57548d53-fa53-11ea-8c7e-0f070dac7280	57548d52-fa53-11ea-8c7e-0f070dac7280	2020-09-19 08:37:24.261000+00:00	Feigen ★ Haferflocken ★ Mandeln ★ Milch (Kuhmilch) ★ Zimt			0	Porridge	FALSE	
f6d88443-f9d0-11ea-bee8-530aa16f519f	f6d88442-f9d0-11ea-bee8-530aa16f519f	2020-09-18 17:04:07.812000+00:00	Aubergine ★ Knoblauch-Öl ★ Möhre ★ Reis	ec5fe4d0-f9d1-11ea-bee8-530aa16f519f		0	Fried rice	FALSE	
7b8265f3-f998-11ea-bee8-530aa16f519f	7b8265f2-f998-11ea-bee8-530aa16f519f	2020-09-18 10:19:49.072000+00:00	Dinkel oder Weizen Sauerteigbrot mit einer Gehzeit von mind. 4.5 Stunden ★ Ei ★ Speck			0	Bacon and eggs	FALSE	
8cd72583-f988-11ea-bee8-530aa16f519f	8cd72582-f988-11ea-bee8-530aa16f519f	2020-09-18 08:25:46.200000+00:00	Birne ★ Haferflocken ★ Mandeln ★ Milch (Kuhmilch) ★ Zimt			0	Porridge	FALSE	
aceca533-f919-11ea-bee8-530aa16f519f	aceca532-f919-11ea-bee8-530aa16f519f	2020-09-17 19:12:05.891000+00:00	Feigen ★ Haferflocken ★ Hart- und Schnittkäse ★ Mandeln ★ Milch (Kuhmilch) ★ Schokolade (Milch) ★ Trauben			0	Snack dinner cheese almonds fruit w/ digestives	FALSE	
9f67fe13-f8f5-11ea-94ba-572e788ec91e	9f67fe12-f8f5-11ea-94ba-572e788ec91e	2020-09-17 14:54:01.329000+00:00	Hart- und Schnittkäse ★ Kapern ★ Knoblauch ★ Oliven ★ Pasta  (aus Weizen) ★ Spinat ★ Weichkäse			0	Pasta spinach ricotta w/ 3 cloves	FALSE	
9f896990-f8c5-11ea-b50e-4758bd44234a	9f894282-f8c5-11ea-b50e-4758bd44234a	2020-09-17 09:10:25.705000+00:00	Birne ★ Haferflocken ★ Mandeln ★ Milch (Kuhmilch) ★ Zimt			0	Porridge	FALSE	
e4b4c193-f843-11ea-8b85-61cecfa1d39a	e4b4c192-f843-11ea-8b85-61cecfa1d39a	2020-09-16 17:41:47.177000+00:00	Kartoffelchips			0	Chips	FALSE	
da327aa0-f843-11ea-8b85-61cecfa1d39a		2020-09-16 17:41:29.546000+00:00				0	Pasta spinach ricotta	TRUE	
9f45a3e3-f843-11ea-8b85-61cecfa1d39a	9f45a3e2-f843-11ea-8b85-61cecfa1d39a	2020-09-16 17:39:50.686000+00:00	Hart- und Schnittkäse ★ Kapern ★ Knoblauch ★ Oliven ★ Pasta  (aus Weizen) ★ Spinat ★ Weichkäse			0	Pasta spinach ricotta w/ 3 cloves	FALSE	
23ef6843-f83c-11ea-8b85-61cecfa1d39a	23ef6842-f83c-11ea-8b85-61cecfa1d39a	2020-09-16 16:46:17.284000+00:00	Milch (Kuhmilch)			0	Milk	FALSE	
058d84e2-f80f-11ea-8b85-61cecfa1d39a	058d84e1-f80f-11ea-8b85-61cecfa1d39a	2020-09-16 11:23:18.958000+00:00	Kartoffelchips			0	Chips	FALSE	
57aede53-f80e-11ea-8b85-61cecfa1d39a	57aede52-f80e-11ea-8b85-61cecfa1d39a	2020-09-16 11:18:27.253000+00:00	Aubergine ★ Möhre ★ Reis ★ Thunfisch			0	Fried rice	FALSE	
78c6c752-f7f6-11ea-8b85-61cecfa1d39a	78c6c751-f7f6-11ea-8b85-61cecfa1d39a	2020-09-16 08:27:34.853000+00:00	Birne ★ Haferflocken ★ Mandeln ★ Milch (Kuhmilch) ★ Zimt			0	Porridge	FALSE	
0156fe33-f7ae-11ea-8b85-61cecfa1d39a	0156fe32-f7ae-11ea-8b85-61cecfa1d39a	2020-09-15 23:48:50.707000+00:00	Wasser (ohne Kohlensäure)			0	Water	FALSE	
1da35533-f771-11ea-8b85-61cecfa1d39a	1da35532-f771-11ea-8b85-61cecfa1d39a	2020-09-15 16:32:58.883000+00:00	Feta ★ Hart- und Schnittkäse ★ Kapern ★ Knoblauch ★ Oliven ★ Pasta  (aus Weizen) ★ Spinat			0	Pasta spinach feta w/ 3 cloves garlic	FALSE	
fb8363f2-f739-11ea-8b85-61cecfa1d39a	fb8363f1-f739-11ea-8b85-61cecfa1d39a	2020-09-15 09:58:19.311000+00:00	Birne ★ Haferflocken ★ Mandeln ★ Milch (Kuhmilch)	b95c30e0-f13c-11ea-9ae2-292c70d1dbca		0	Porridge cooked	FALSE	
59ca3563-f72b-11ea-8b85-61cecfa1d39a	59ca3562-f72b-11ea-8b85-61cecfa1d39a	2020-09-15 08:13:35.030000+00:00				0	Brushed teeth	FALSE	
7c9e3173-f6bf-11ea-8b85-61cecfa1d39a	7c9e3172-f6bf-11ea-8b85-61cecfa1d39a	2020-09-14 19:21:27.815000+00:00	Dinkel oder Weizen Sauerteigbrot mit einer Gehzeit von mind. 4.5 Stunden ★ Erdnussbutter			0	Toast 2 slices w/ peanut butter	FALSE	
638fdb23-f6bf-11ea-8b85-61cecfa1d39a	638fdb22-f6bf-11ea-8b85-61cecfa1d39a	2020-09-14 19:20:45.778000+00:00	Erdnüsse ★ Wasabi			0	Wasabi peanut snack	FALSE	
55094a02-f6bf-11ea-8b85-61cecfa1d39a	55094a01-f6bf-11ea-8b85-61cecfa1d39a	2020-09-14 19:20:21.408000+00:00				0	Leftover fried rice	FALSE	
8858e212-f6a3-11ea-8b85-61cecfa1d39a	8858e211-f6a3-11ea-8b85-61cecfa1d39a	2020-09-14 16:01:21.585000+00:00				0	Leftover fried rice	FALSE	
3c4346f1-f675-11ea-8b85-61cecfa1d39a	3c4346f0-f675-11ea-8b85-61cecfa1d39a	2020-09-14 10:29:57.087000+00:00	Apfel ★ Haferflocken ★ Mandeln ★ Milch (Kuhmilch) ★ Zimt			0	Porridge cooked	FALSE	
2371d863-f60e-11ea-bf08-a59736ac27b1	2371d862-f60e-11ea-bf08-a59736ac27b1	2020-09-13 22:11:57.286000+00:00	Haferflocken ★ Milch (Kuhmilch) ★ Schokolade (Milch)			0	Digestives & milk	FALSE	
aaec91b2-f5f3-11ea-b546-8dc9f740d4f5	aaec91b1-f5f3-11ea-b546-8dc9f740d4f5	2020-09-13 19:02:28.171000+00:00	Aubergine ★ Möhre ★ Reis ★ Spinat ★ Thunfisch			0	Fried rice	FALSE	
0f299243-f5e5-11ea-b546-8dc9f740d4f5	0f299242-f5e5-11ea-b546-8dc9f740d4f5	2020-09-13 17:17:53.892000+00:00	Trauben			0	Grapes 2 bunches	FALSE	
267ad573-f5c8-11ea-99fb-39433274481b	267ad572-f5c8-11ea-99fb-39433274481b	2020-09-13 13:50:57.607000+00:00	Banane ★ Dinkel oder Weizen Sauerteigbrot mit einer Gehzeit von mind. 4.5 Stunden ★ Erdnussbutter			0	Banana & peanut butter on toast	FALSE	
e419f613-f5af-11ea-99fb-39433274481b	e419f612-f5af-11ea-99fb-39433274481b	2020-09-13 10:57:18.321000+00:00	Mandeln			0	Almonds 1/3 bag	FALSE	
2c324cb3-f5ae-11ea-99fb-39433274481b	2c324cb2-f5ae-11ea-99fb-39433274481b	2020-09-13 10:45:00.283000+00:00	Apfel ★ Haferflocken ★ Honig ★ Milch (Kuhmilch) ★ Zimt			0	Porridge	FALSE	
29378943-f56c-11ea-9fa8-8d1d530a24bb	29378942-f56c-11ea-9fa8-8d1d530a24bb	2020-09-13 02:52:28.500000+00:00	Haferflocken ★ Milch (Kuhmilch) ★ Schokolade (Milch)			0	Digestives half packet & milk	FALSE	
999fa6f3-f52a-11ea-9fa8-8d1d530a24bb	999fa6f2-f52a-11ea-9fa8-8d1d530a24bb	2020-09-12 19:03:10.304000+00:00	Kartoffelchips			0	Desert	FALSE	
61717b03-f52a-11ea-9fa8-8d1d530a24bb	61717b02-f52a-11ea-9fa8-8d1d530a24bb	2020-09-12 19:01:36.048000+00:00	Dinkel oder Weizen Sauerteigbrot mit einer Gehzeit von mind. 4.5 Stunden ★ Eisbergsalat ★ Hart- und Schnittkäse ★ Schinken ★ Tomate			0	Sandwich ham cheese tomato	FALSE	
8e0d1033-f524-11ea-9fa8-8d1d530a24bb	8e0d1032-f524-11ea-9fa8-8d1d530a24bb	2020-09-12 18:19:53.907000+00:00	Feigen ★ Hart- und Schnittkäse ★ Schinken			0	Lunch	FALSE	
66a6c033-f4df-11ea-9fa8-8d1d530a24bb	66a6c032-f4df-11ea-9fa8-8d1d530a24bb	2020-09-12 10:04:52.531000+00:00	Ei ★ Kartoffeln ★ Speck			0	Bacon eggs hashbrown	FALSE	
dc7fe403-f488-11ea-9887-2b8ece7a90b6	dc7fe402-f488-11ea-9887-2b8ece7a90b6	2020-09-11 23:45:24.032000+00:00	Erdnüsse ★ Wasabi			0	Wasabi peanut (half packet)	FALSE	
d3885863-f45f-11ea-9887-2b8ece7a90b6	d3885862-f45f-11ea-9887-2b8ece7a90b6	2020-09-11 18:51:39.622000+00:00	Feigen ★ Hart- und Schnittkäse ★ Kartoffelchips ★ Schinken			0	Desert figs cheese ham & chips	FALSE	
a62451d3-f45f-11ea-9887-2b8ece7a90b6	a62451d2-f45f-11ea-9887-2b8ece7a90b6	2020-09-11 18:50:23.469000+00:00	Bohne (grün) ★ Linsen (rot) ★ Möhre ★ Reis			0	Leftover fried rice	FALSE	
eb7d5173-f449-11ea-8387-6188eda22197	eb7d5172-f449-11ea-8387-6188eda22197	2020-09-11 16:14:50.887000+00:00	Dinkel oder Weizen Sauerteigbrot mit einer Gehzeit von mind. 4.5 Stunden ★ Eisbergsalat ★ Hart- und Schnittkäse ★ Schinken ★ Tomate			0	sandwich ham cheese tomato lettuce	FALSE	
01840ee3-f40f-11ea-8387-6188eda22197	01840ee2-f40f-11ea-8387-6188eda22197	2020-09-11 09:13:07.534000+00:00	Apfel ★ Haferflocken ★ Honig ★ Zimt			0	Oats w/ Apple & honey	FALSE	
4db654d3-f3b0-11ea-8387-6188eda22197	4db654d2-f3b0-11ea-8387-6188eda22197	2020-09-10 21:55:13.181000+00:00	Honig ★ Kartoffelchips ★ Mandeln			0	Honey almonds & chips	FALSE	
2136e1e3-f3b0-11ea-8387-6188eda22197	2136e1e2-f3b0-11ea-8387-6188eda22197	2020-09-10 21:53:58.526000+00:00	Bohne (grün) ★ Linsen (rot) ★ Möhre ★ Reis			0	Fried rice	FALSE	
c98f69c3-f36f-11ea-9fa3-a5d236cf588e	c98f69c2-f36f-11ea-9fa3-a5d236cf588e	2020-09-10 14:13:23.676000+00:00	Dinkel oder Weizen Sauerteigbrot mit einer Gehzeit von mind. 4.5 Stunden ★ Feigen ★ Hart- und Schnittkäse ★ Oliven			0	Toast w/ Cheese and fig and olives	FALSE	
dd765d02-f34b-11ea-acaa-4508add5dbd8	dd765d01-f34b-11ea-acaa-4508add5dbd8	2020-09-10 09:56:15.184000+00:00	Apfel ★ Haferflocken ★ Zimt			0	Cinnamon Porridge & apple	FALSE	
1faccca2-f346-11ea-acaa-4508add5dbd8	1faccca1-f346-11ea-acaa-4508add5dbd8	2020-09-10 09:15:09.290000+00:00				0	Fig & banana	FALSE	
0b3611c3-f344-11ea-acaa-4508add5dbd8	0b3611c2-f344-11ea-acaa-4508add5dbd8	2020-09-10 09:00:15.964000+00:00				0	Peanut wasabi (whole packet)	FALSE	
25b34450-f2d6-11ea-9363-dd8924ccbefd	25b31d42-f2d6-11ea-9363-dd8924ccbefd	2020-09-09 19:53:35.765000+00:00	Hühnchen ★ Möhre	cb25d9f0-f56c-11ea-9fa8-8d1d530a24bb		0	Chicken thighs & carrots	FALSE	
0b83c333-f2ad-11ea-9363-dd8924ccbefd	0b83c332-f2ad-11ea-9363-dd8924ccbefd	2020-09-09 14:59:22.467000+00:00	Milch (Kuhmilch)			0	Glass of milk	FALSE	
e4d50f23-f282-11ea-9363-dd8924ccbefd	e4d50f22-f282-11ea-9363-dd8924ccbefd	2020-09-09 09:57:38.706000+00:00	Ei ★ Kartoffeln ★ Speck			0	"Bacon, eggs & hashbrown"	FALSE	
e4a63563-f21e-11ea-b11e-69f2082abd27	e4a63562-f21e-11ea-b11e-69f2082abd27	2020-09-08 22:01:48.726000+00:00				0	Digestives & milk	FALSE	
cecc7d33-f21e-11ea-b11e-69f2082abd27	cecc7d32-f21e-11ea-b11e-69f2082abd27	2020-09-08 22:01:12.067000+00:00				0	Fried rice	FALSE	
c2cc21c3-f21e-11ea-b11e-69f2082abd27	c2cc21c2-f21e-11ea-b11e-69f2082abd27	2020-09-08 22:00:51.932000+00:00				0	Chips	FALSE	
4139d532-f1e7-11ea-9939-7349f524979b	4139d531-f1e7-11ea-9939-7349f524979b	2020-09-08 15:23:32.227000+00:00	Bohne (grün) ★ Linsen (rot) ★ Reis			0	Fried rice	FALSE	
3b2fb673-f1c7-11ea-bcb2-8deaf7ffddcc	3b2fb672-f1c7-11ea-bcb2-8deaf7ffddcc	2020-09-08 11:34:18.199000+00:00	"Cracker ★ Körnerbrötchen (Weizen, Dinkel, Roggen)"			0	Spelt flake porridge	FALSE	
7cb68d53-f18e-11ea-a7ef-5d195fc6c8af	7cb68d52-f18e-11ea-a7ef-5d195fc6c8af	2020-09-08 04:48:06.821000+00:00	Haferflocken ★ Schokolade (Milch)			0	Digestives	FALSE	
acfec151-f13c-11ea-9ae2-292c70d1dbca	acfec150-f13c-11ea-9ae2-292c70d1dbca	2020-09-07 19:02:29.093000+00:00	Ingwer	b95c30e0-f13c-11ea-9ae2-292c70d1dbca		0	Tea	FALSE	
58084453-f13c-11ea-9ae2-292c70d1dbca	58084452-f13c-11ea-9ae2-292c70d1dbca	2020-09-07 19:00:06.549000+00:00	"Apfel ★ Körnerbrötchen (Weizen, Dinkel, Roggen)"			0	Apple cinnamon porridge	FALSE	
081e0ba3-f13c-11ea-9ae2-292c70d1dbca	081e0ba2-f13c-11ea-9ae2-292c70d1dbca	2020-09-07 18:57:52.475000+00:00	Cracker ★ Feigen ★ Hart- und Schnittkäse			0	"Dunkle cracker, cheese, figs"	FALSE	
14f970b2-f12f-11ea-9ae2-292c70d1dbca	14f970b1-f12f-11ea-9ae2-292c70d1dbca	2020-09-07 17:25:10.587000+00:00	Hart- und Schnittkäse ★ Kapern ★ Oliven ★ Pasta  (aus Weizen) ★ Tomatensoße	36c7c480-f12f-11ea-9ae2-292c70d1dbca		0	Puttanesca	FALSE	